{
  "title": "The Pillars of Old",
  "description": "The Pillars of Old system for FoundryVTT!",
  "version": "1.1.4",
  "esmodules": [
    "module/tpo.mjs"
  ],
  "styles": [
    "css/tpo.css"
  ],
  "languages": [
    {
      "lang": "en",
      "name": "English",
      "path": "lang/en.json",
      "flags": {}
    }
  ],
  "gridDistance": 1,
  "gridUnits": "yd",
  "primaryTokenAttribute": "derived.hp",
  "secondaryTokenAttribute": "derived.ap",
  "url": "https://github.com/DasSauerkraut/tpo",
  "manifest": "https://github.com/DasSauerkraut/tpo/releases/download/v1.1.4/system.json",
  "download": "https://github.com/DasSauerkraut/tpo/releases/download/v1.1.4/tpo.zip",
  "license": "LICENSE.txt",
  "id": "tpo",
  "authors": [
    {
      "name": "Michael Sebelski",
      "flags": {}
    }
  ],
  "compatibility": {
    "minimum": "10",
    "verified": "10"
  }
}