{
  "name": "tpo",
  "title": "The Pillars of Old",
  "description": "The The Pillars of Old system for FoundryVTT!",
  "version": "1.0.1",
  "minimumCoreVersion": "0.8.6",
  "compatibleCoreVersion": "9",
  "author": "Michael Sebelski",
  "esmodules": ["module/tpo.mjs"],
  "styles": ["css/tpo.css"],
  "scripts": [],
  "packs": [],
  "languages": [
    {
      "lang": "en",
      "name": "English",
      "path": "lang/en.json"
    }
  ],
  "gridDistance": 1,
  "gridUnits": "yd",
  "primaryTokenAttribute": "hp",
  "secondaryTokenAttribute": "ap",
  "url": "https://github.com/DasSauerkraut/tpo",
  "manifest": "https://github.com/DasSauerkraut/tpo/releases/latest/download/system.json",
  "download": "https://github.com/DasSauerkraut/tpo/releases/download/1.0.1/tpo.zip",
  "license": "LICENSE.txt"
}
